-- phpMyAdmin SQL Dump
-- version 5.2.0
-- https://www.phpmyadmin.net/
--
-- Host: 127.0.0.1
-- Generation Time: Oct 02, 2023 at 01:59 PM
-- Server version: 10.4.27-MariaDB
-- PHP Version: 8.0.25

SET SQL_MODE = "NO_AUTO_VALUE_ON_ZERO";
START TRANSACTION;
SET time_zone = "+00:00";


/*!40101 SET @OLD_CHARACTER_SET_CLIENT=@@CHARACTER_SET_CLIENT */;
/*!40101 SET @OLD_CHARACTER_SET_RESULTS=@@CHARACTER_SET_RESULTS */;
/*!40101 SET @OLD_COLLATION_CONNECTION=@@COLLATION_CONNECTION */;
/*!40101 SET NAMES utf8mb4 */;

--
-- Database: `salon`
--

-- --------------------------------------------------------

--
-- Table structure for table `admin`
--

CREATE TABLE `admin` (
  `AdminId` int(11) NOT NULL,
  `FullName` varchar(255) NOT NULL,
  `Location` varchar(255) NOT NULL,
  `Contact` varchar(255) NOT NULL,
  `Email` varchar(255) NOT NULL,
  `Username` varchar(255) NOT NULL,
  `Password` varchar(255) NOT NULL,
  `AccountStatus` varchar(255) NOT NULL
) ENGINE=InnoDB DEFAULT CHARSET=utf8mb4 COLLATE=utf8mb4_general_ci;

--
-- Dumping data for table `admin`
--

INSERT INTO `admin` (`AdminId`, `FullName`, `Location`, `Contact`, `Email`, `Username`, `Password`, `AccountStatus`) VALUES
(1, 'NKIKABAHIZI Kenny', 'Kigali-Kicukiro-Sonatube', '0789876553', 'kenny@gmail.com', 'kenny', '81dc9bdb52d04dc20036dbd8313ed055', '1');

-- --------------------------------------------------------

--
-- Table structure for table `billing`
--

CREATE TABLE `billing` (
  `BillingId` int(11) NOT NULL,
  `ServiceId` int(11) NOT NULL,
  `ServiceFee` int(11) NOT NULL,
  `TotalProducts` double DEFAULT NULL,
  `EmployeeId` int(11) DEFAULT NULL,
  `CustomerId` int(11) DEFAULT NULL,
  `Description` varchar(45) DEFAULT NULL,
  `SalonId` int(11) NOT NULL,
  `Dates` varchar(255) NOT NULL,
  `Day` varchar(255) NOT NULL,
  `Mon` varchar(255) NOT NULL,
  `Year` varchar(255) NOT NULL,
  `Status` int(11) NOT NULL,
  `DateBill` timestamp NOT NULL DEFAULT current_timestamp()
) ENGINE=InnoDB DEFAULT CHARSET=utf8mb4 COLLATE=utf8mb4_general_ci;

--
-- Dumping data for table `billing`
--

INSERT INTO `billing` (`BillingId`, `ServiceId`, `ServiceFee`, `TotalProducts`, `EmployeeId`, `CustomerId`, `Description`, `SalonId`, `Dates`, `Day`, `Mon`, `Year`, `Status`, `DateBill`) VALUES
(15, 1, 1000, 2200, 2, 4, ' Bill descriptions                           ', 1, '07-04-2023', '07', '04', '2023', 1, '2023-04-07 18:51:12'),
(16, 1, 1000, 1200, 0, 0, ' ', 1, '09-04-2023', '09', '04', '2023', 0, '2023-04-09 11:32:59'),
(17, 1, 1000, 1200, 0, 0, ' ', 1, '09-04-2023', '09', '04', '2023', 0, '2023-04-09 11:35:13'),
(18, 1, 1000, 1000, 8, 1, 'Describe about the bill                      ', 1, '09-04-2023', '09', '04', '2023', 0, '2023-04-09 11:42:33'),
(19, 1, 1000, 1200, 0, 0, ' ', 1, '09-04-2023', '09', '04', '2023', 0, '2023-04-09 11:59:21'),
(20, 1, 1000, 1200, 0, 0, ' ', 1, '09-04-2023', '09', '04', '2023', 0, '2023-04-09 11:59:45'),
(21, 1, 1000, 1200, 8, 1, '                                             ', 1, '09-04-2023', '09', '04', '2023', 0, '2023-04-09 11:59:54'),
(22, 1, 1000, 2200, 8, 4, '  Test bills                                 ', 1, '09-04-2023', '10', '04', '2023', 0, '2023-04-09 12:49:56'),
(23, 1, 1000, 1200, 1, 3, 'Some description about new bill              ', 1, '09-04-2023', '10', '04', '2023', 1, '2023-04-09 12:51:08'),
(24, 5, 2000, 2200, 9, 3, 'New bill here                                ', 1, '10-04-2023', '10', '04', '2023', 1, '2023-04-10 14:16:29'),
(25, 2, 4000, 2200, 8, 6, ' new bill                                    ', 1, '11-04-2023', '11', '04', '2023', 1, '2023-04-11 14:13:24'),
(26, 1, 1000, 2200, 8, 1, 'His first bill today                         ', 1, '21-04-2023', '21', '04', '2023', 1, '2023-04-21 15:56:41'),
(27, 1, 1000, 2200, 0, 0, ' ', 1, '20-05-2023', '20', '05', '2023', 0, '2023-05-20 09:14:24'),
(28, 1, 0, 0, 0, 0, ' ', 1, '20-05-2023', '20', '05', '2023', 0, '2023-05-20 09:27:12'),
(29, 5, 0, 0, 0, 0, ' ', 1, '20-05-2023', '20', '05', '2023', 0, '2023-05-20 09:28:08'),
(30, 5, 0, 0, 0, 0, ' ', 1, '20-05-2023', '20', '05', '2023', 0, '2023-05-20 09:28:12'),
(31, 5, 10000, 10000, 0, 0, ' ', 1, '20-05-2023', '20', '05', '2023', 0, '2023-05-20 09:29:07'),
(32, 5, 10000, 2200, 0, 0, ' ', 1, '20-05-2023', '20', '05', '2023', 0, '2023-05-20 09:30:44'),
(33, 1, 1000, 1000, 0, 0, ' ', 1, '22-06-2023', '22', '06', '2023', 0, '2023-06-22 20:16:23'),
(34, 1, 1000, 2200, 1, 7, 'description de facture                       ', 1, '22-06-2023', '22', '06', '2023', 1, '2023-06-22 20:20:03'),
(35, 5, 1000, 1000, 9, 7, 'New bill', 1, '23-06-2023', '23', '06', '2023', 1, '2023-06-23 10:43:40'),
(36, 8, 1000, 2200, 9, 7, '                                             ', 1, '23-06-2023', '23', '06', '2023', 1, '2023-06-23 13:07:55'),
(37, 8, 1000, 2200, 9, 7, 'jjjjj', 1, '23-06-2023', '23', '06', '2023', 1, '2023-06-23 13:09:52'),
(38, 9, 1000, 1200, 9, 7, 'guifhy', 1, '23-06-2023', '23', '06', '2023', 1, '2023-06-23 13:10:53'),
(39, 14, 1000, 2200, 0, 0, ' ', 1, '22-07-2023', '22', '07', '2023', 0, '2023-07-22 13:26:52'),
(40, 14, 1000, 2200, 11, 7, 'New job descer', 1, '22-07-2023', '22', '07', '2023', 1, '2023-07-22 13:28:04'),
(41, 13, 2000, 1200, 11, 7, 'gvegge', 1, '22-07-2023', '22', '07', '2023', 1, '2023-07-22 17:01:40'),
(42, 5, 1000, 1200, 11, 7, 'bddb', 1, '22-07-2023', '22', '07', '2023', 1, '2023-07-22 17:04:00'),
(43, 1, 1000, 1200, 11, 7, 'sfsff', 1, '22-07-2023', '22', '07', '2023', 1, '2023-07-22 17:07:52'),
(44, 1, 1000, 1200, 11, 7, 'v svsvs', 1, '22-07-2023', '22', '07', '2023', 1, '2023-07-22 17:09:09'),
(45, 1, 1000, 1200, 11, 7, 'cvscvscvsv', 1, '22-07-2023', '22', '07', '2023', 1, '2023-07-22 17:10:44'),
(46, 1, 1000, 1200, 0, 0, ' ', 1, '22-07-2023', '22', '07', '2023', 0, '2023-07-22 17:12:00'),
(47, 1, 1000, 1000, 11, 7, 'eggg', 1, '22-07-2023', '22', '07', '2023', 1, '2023-07-22 17:12:09'),
(48, 1, 1000, 1000, 11, 7, 'sfswfws', 1, '22-07-2023', '22', '07', '2023', 1, '2023-07-22 17:13:40'),
(49, 1, 10000, 10000, 11, 7, 'JTJTYJTYJY', 1, '22-07-2023', '22', '07', '2023', 1, '2023-07-22 17:15:26'),
(50, 2, 3000, 3000, 11, 7, '                                             ', 1, '22-07-2023', '22', '07', '2023', 1, '2023-07-22 17:16:21'),
(51, 1, 1000, 1000, 0, 0, ' ', 1, '22-07-2023', '22', '07', '2023', 0, '2023-07-22 17:17:17'),
(52, 15, 2000, 2000, 12, 8, '                                             ', 3, '23-07-2023', '23', '07', '2023', 1, '2023-07-23 05:01:32'),
(53, 15, 2000, 8000, 12, 8, '                                             ', 3, '23-07-2023', '23', '07', '2023', 1, '2023-07-23 05:19:09'),
(54, 15, 2000, 2000, 12, 8, '                                             ', 3, '24-07-2023', '24', '07', '2023', 1, '2023-07-24 11:16:55'),
(55, 15, 2000, 8000, 18, 8, '                                             ', 3, '24-07-2023', '24', '07', '2023', 1, '2023-07-24 12:08:12'),
(56, 15, 2000, 2000, 23, 8, '                                             ', 3, '24-07-2023', '24', '07', '2023', 1, '2023-07-24 19:02:55'),
(57, 15, 2000, 2000, 23, 9, '                                             ', 3, '24-07-2023', '24', '07', '2023', 1, '2023-07-24 19:04:25'),
(58, 1, 1000, 1000, 11, 7, '                                             ', 1, '25-07-2023', '25', '07', '2023', 1, '2023-07-25 05:59:43'),
(59, 15, 2000, 2000, 23, 9, '                    dffdfd                   ', 3, '01-08-2023', '01', '08', '2023', 1, '2023-08-01 11:53:49'),
(60, 15, 2000, 8000, 23, 9, '    new                                      ', 3, '23-08-2023', '23', '08', '2023', 1, '2023-08-23 14:13:27'),
(61, 15, 2000, 2000, 23, 10, '                                             ', 3, '30-08-2023', '30', '08', '2023', 1, '2023-08-30 18:38:29'),
(62, 15, 2000, 2000, 23, 9, '                                             ', 3, '30-08-2023', '30', '08', '2023', 1, '2023-08-30 19:13:27'),
(63, 15, 2000, 9000, 0, 0, ' ', 3, '30-08-2023', '30', '08', '2023', 0, '2023-08-30 19:37:03'),
(64, 15, 2000, 2000, 23, 9, '                                             ', 3, '04-09-2023', '04', '09', '2023', 1, '2023-09-04 12:13:43'),
(65, 1, 1000, 1000, 0, 0, ' ', 1, '07-09-2023', '07', '09', '2023', 0, '2023-09-07 13:53:44'),
(66, 1, 1000, 1000, 0, 0, ' ', 1, '07-09-2023', '07', '09', '2023', 0, '2023-09-07 13:54:43'),
(67, 1, 1000, 1000, 24, 7, '                                             ', 1, '07-09-2023', '07', '09', '2023', 1, '2023-09-07 13:57:10'),
(68, 15, 2000, 2000, 0, 0, ' ', 3, '09-09-2023', '09', '09', '2023', 0, '2023-09-09 18:26:18'),
(69, 15, 2000, 2000, 0, 0, ' ', 3, '09-09-2023', '09', '09', '2023', 0, '2023-09-09 18:27:08'),
(70, 15, 5000, 5000, 12, 9, '                                             ', 3, '09-09-2023', '09', '09', '2023', 1, '2023-09-09 18:27:35'),
(71, 15, 2000, 2000, 12, 8, '                                             ', 3, '09-09-2023', '09', '09', '2023', 1, '2023-09-09 18:31:42'),
(72, 17, 2500, 8000, 24, 7, '                                             ', 1, '10-09-2023', '10', '09', '2023', 1, '2023-09-10 09:46:33'),
(73, 15, 2000, 2000, 12, 8, '                                             ', 3, '17-09-2023', '17', '09', '2023', 1, '2023-09-17 08:14:33'),
(74, 15, 2000, 2000, 23, 10, '                                             ', 3, '17-09-2023', '17', '09', '2023', 1, '2023-09-17 08:20:31'),
(75, 15, 2000, 8000, 23, 10, '                                             ', 3, '17-09-2023', '17', '09', '2023', 1, '2023-09-17 08:23:07'),
(76, 15, 2000, 2000, 23, 10, '                                             ', 3, '17-09-2023', '17', '09', '2023', 1, '2023-09-17 08:28:22'),
(77, 15, 2000, 8000, 23, 9, '                                             ', 3, '18-09-2023', '18', '09', '2023', 1, '2023-09-18 10:23:11'),
(78, 15, 2000, 2000, 12, 9, '                                             ', 3, '21-09-2023', '21', '09', '2023', 1, '2023-09-21 16:18:34'),
(79, 15, 2000, 2000, 12, 9, '                                             ', 3, '23-09-2023', '23', '09', '2023', 1, '2023-09-23 20:01:41'),
(80, 15, 2000, 2000, 23, 9, '                                             ', 3, '24-09-2023', '24', '09', '2023', 1, '2023-09-24 10:19:32'),
(81, 15, 2000, 8000, 23, 10, '                                             ', 3, '24-09-2023', '24', '09', '2023', 1, '2023-09-24 10:22:00'),
(82, 15, 2000, 2000, 23, 9, '                                             ', 3, '24-09-2023', '24', '09', '2023', 1, '2023-09-24 10:25:12'),
(83, 14, 1000, 1000, 11, 7, 'jfhfhfhfh', 1, '25-09-2023', '25', '09', '2023', 1, '2023-09-25 11:29:31'),
(84, 15, 2000, 8000, 23, 9, '                                             ', 3, '25-09-2023', '25', '09', '2023', 1, '2023-09-25 12:16:05'),
(85, 15, 2000, 2000, 23, 9, 'hhhhhhhhhhhhhhhhhhhh', 3, '25-09-2023', '25', '09', '2023', 1, '2023-09-25 12:31:23'),
(86, 15, 2000, NULL, 23, 9, '                                             ', 3, '25-09-2023', '25', '09', '2023', 1, '2023-09-25 12:47:23'),
(87, 15, 2000, NULL, 26, 9, '                                             ', 3, '25-09-2023', '25', '09', '2023', 1, '2023-09-25 13:21:00'),
(88, 15, 2000, NULL, 23, 10, '                                             ', 3, '25-09-2023', '25', '09', '2023', 1, '2023-09-25 18:10:29'),
(89, 15, 2000, NULL, 23, 10, '                                             ', 3, '25-09-2023', '25', '09', '2023', 1, '2023-09-25 19:14:03'),
(90, 15, 2000, NULL, 26, 10, '                                             ', 3, '25-09-2023', '25', '09', '2023', 1, '2023-09-25 19:42:06'),
(91, 15, 2000, NULL, 26, 10, '                                             ', 3, '25-09-2023', '25', '09', '2023', 1, '2023-09-25 19:42:52'),
(92, 15, 2000, NULL, 26, 10, '                                             ', 3, '25-09-2023', '25', '09', '2023', 1, '2023-09-25 19:44:20'),
(93, 15, 2000, 8000, 26, 10, '                                             ', 3, '25-09-2023', '25', '09', '2023', 1, '2023-09-25 19:57:43'),
(94, 15, 2000, 0, 0, 0, ' ', 3, '25-09-2023', '25', '09', '2023', 0, '2023-09-25 20:05:15'),
(95, 15, 2000, 8000, 26, 10, '                                             ', 3, '25-09-2023', '25', '09', '2023', 1, '2023-09-25 20:05:30'),
(96, 15, 2000, NULL, 26, 10, '                                             ', 3, '25-09-2023', '25', '09', '2023', 1, '2023-09-25 20:06:43'),
(97, 15, 2000, NULL, 27, 11, ' hair cut                                    ', 3, '26-09-2023', '26', '09', '2023', 1, '2023-09-26 10:48:42'),
(98, 15, 2000, NULL, 27, 9, '                                             ', 3, '26-09-2023', '26', '09', '2023', 1, '2023-09-26 11:08:19'),
(99, 15, 2000, NULL, 27, 11, '                                             ', 3, '26-09-2023', '26', '09', '2023', 1, '2023-09-26 11:36:19'),
(100, 15, 2000, NULL, 0, 0, ' ', 3, '26-09-2023', '26', '09', '2023', 0, '2023-09-26 11:45:20'),
(101, 15, 2000, NULL, 0, 0, ' ', 3, '26-09-2023', '26', '09', '2023', 0, '2023-09-26 13:15:11'),
(102, 18, 8000, NULL, 28, 11, '  hhhh                                       ', 3, '27-09-2023', '27', '09', '2023', 1, '2023-09-27 11:47:29'),
(103, 18, 8000, NULL, 28, 9, '                                             ', 3, '27-09-2023', '27', '09', '2023', 1, '2023-09-27 11:50:18'),
(104, 18, 8000, NULL, 28, 9, '                                             ', 3, '27-09-2023', '27', '09', '2023', 1, '2023-09-27 12:03:56'),
(105, 18, 8000, 8000, 28, 8, '                                             ', 3, '27-09-2023', '27', '09', '2023', 1, '2023-09-27 12:39:22'),
(106, 18, 8000, NULL, 28, 11, '                                             ', 3, '27-09-2023', '27', '09', '2023', 1, '2023-09-27 12:53:44'),
(107, 19, 15000, NULL, 28, 11, '                                             ', 3, '27-09-2023', '27', '09', '2023', 1, '2023-09-27 13:08:30'),
(108, 20, 14000, NULL, 28, 11, '                                             ', 3, '27-09-2023', '27', '09', '2023', 1, '2023-09-27 13:26:01'),
(109, 20, 14000, 8000, 28, 11, '                                             ', 3, '27-09-2023', '27', '09', '2023', 1, '2023-09-27 14:00:28'),
(110, 21, 2000, NULL, 29, 12, '                                             ', 4, '28-09-2023', '28', '09', '2023', 1, '2023-09-28 14:23:00'),
(111, 22, 2500, 8000, 30, 12, '                                             ', 4, '28-09-2023', '28', '09', '2023', 1, '2023-09-28 14:24:42'),
(112, 21, 2000, NULL, 29, 12, '                                             ', 4, '28-09-2023', '28', '09', '2023', 1, '2023-09-28 14:26:13'),
(113, 21, 2000, NULL, 29, 12, '                                             ', 4, '28-09-2023', '28', '09', '2023', 1, '2023-09-28 14:29:52'),
(114, 22, 2500, NULL, 30, 12, '                                             ', 4, '28-09-2023', '28', '09', '2023', 1, '2023-09-28 14:30:52'),
(115, 20, 14000, NULL, 31, 11, '                                             ', 3, '28-09-2023', '28', '09', '2023', 1, '2023-09-28 19:26:13'),
(116, 20, 14000, 8000, 28, 11, '                                             ', 3, '29-09-2023', '29', '09', '2023', 1, '2023-09-29 19:38:51'),
(117, 15, 2000, NULL, 27, 10, '                                             ', 3, '29-09-2023', '29', '09', '2023', 1, '2023-09-29 19:50:22'),
(118, 20, 14000, 8000, 28, 11, '                                             ', 3, '29-09-2023', '29', '09', '2023', 1, '2023-09-29 19:51:03'),
(119, 20, 14000, NULL, 23, 11, '                                             ', 3, '29-09-2023', '29', '09', '2023', 1, '2023-09-29 19:51:37'),
(120, 20, 14000, 8000, 31, 10, '                                             ', 3, '29-09-2023', '29', '09', '2023', 1, '2023-09-29 19:53:07'),
(121, 15, 2000, 1000, 23, 9, '                                             ', 3, '29-09-2023', '29', '09', '2023', 1, '2023-09-29 19:54:08'),
(122, 20, 14000, NULL, 27, 11, '                                             ', 3, '29-09-2023', '29', '09', '2023', 1, '2023-09-29 19:56:40'),
(123, 15, 2000, NULL, 27, 11, '                                             ', 3, '29-09-2023', '29', '09', '2023', 1, '2023-09-29 20:40:37'),
(124, 20, 14000, NULL, 31, 9, '                                             ', 3, '29-09-2023', '29', '09', '2023', 1, '2023-09-29 20:55:29'),
(125, 15, 2000, NULL, 27, 11, '                                             ', 3, '29-09-2023', '29', '09', '2023', 1, '2023-09-29 20:59:55'),
(126, 15, 2000, NULL, 27, 11, '                                             ', 3, '29-09-2023', '29', '09', '2023', 1, '2023-09-29 21:04:41'),
(127, 15, 2000, NULL, 28, 11, '                                             ', 3, '29-09-2023', '29', '09', '2023', 1, '2023-09-29 21:18:46'),
(128, 15, 2000, NULL, 27, 11, '                                             ', 3, '30-09-2023', '30', '09', '2023', 1, '2023-09-29 22:04:14'),
(129, 15, 2000, NULL, 27, 11, '                                             ', 3, '30-09-2023', '30', '09', '2023', 1, '2023-09-29 22:09:15'),
(130, 15, 2000, NULL, 28, 11, '                                             ', 3, '30-09-2023', '30', '09', '2023', 1, '2023-09-29 22:14:52'),
(131, 28, 2000, NULL, 27, 11, '                                             ', 3, '30-09-2023', '30', '09', '2023', 1, '2023-09-30 19:39:41'),
(132, 24, 35000, NULL, 27, 11, '                                             ', 3, '30-09-2023', '30', '09', '2023', 1, '2023-09-30 20:57:34'),
(133, 24, 35000, NULL, 0, 0, ' ', 3, '30-09-2023', '30', '09', '2023', 0, '2023-09-30 21:55:45'),
(134, 24, 35000, 3000, 0, 0, ' ', 3, '01-10-2023', '01', '10', '2023', 0, '2023-10-01 16:37:46'),
(135, 24, 35000, 1000, 0, 0, ' ', 3, '01-10-2023', '01', '10', '2023', 0, '2023-10-01 16:38:16'),
(136, 24, 35000, 1200, 0, 0, ' ', 3, '01-10-2023', '01', '10', '2023', 0, '2023-10-01 16:45:25'),
(137, 21, 2000, NULL, 29, 12, '                                             ', 4, '01-10-2023', '01', '10', '2023', 1, '2023-10-01 19:09:02'),
(138, 22, 2500, NULL, 32, 12, '                                             ', 4, '01-10-2023', '01', '10', '2023', 1, '2023-10-01 19:24:57'),
(139, 22, 2500, NULL, 29, 12, '                                             ', 4, '01-10-2023', '01', '10', '2023', 1, '2023-10-01 19:49:23');

-- --------------------------------------------------------

--
-- Table structure for table `billinginfo`
--

CREATE TABLE `billinginfo` (
  `BillinginfoId` int(11) NOT NULL,
  `BillingId` int(11) NOT NULL,
  `ProductId` int(11) NOT NULL,
  `Quantity` int(11) NOT NULL
) ENGINE=InnoDB DEFAULT CHARSET=utf8mb4 COLLATE=utf8mb4_general_ci;

--
-- Dumping data for table `billinginfo`
--

INSERT INTO `billinginfo` (`BillinginfoId`, `BillingId`, `ProductId`, `Quantity`) VALUES
(28, 15, 1, 1),
(29, 15, 2, 1),
(30, 16, 1, 1),
(31, 17, 1, 2),
(32, 18, 2, 10),
(33, 21, 1, 1),
(34, 22, 1, 1),
(35, 22, 2, 1),
(36, 23, 1, 1),
(37, 24, 1, 1),
(38, 24, 2, 3),
(39, 25, 1, 2),
(40, 25, 2, 1),
(41, 26, 1, 1),
(42, 26, 2, 1),
(43, 27, 1, 1),
(44, 27, 2, 1),
(45, 32, 1, 1),
(46, 32, 2, 1),
(47, 34, 1, 1),
(48, 34, 2, 1),
(49, 36, 1, 1),
(50, 36, 2, 1),
(51, 37, 1, 1),
(52, 37, 2, 1),
(53, 38, 1, 1),
(54, 39, 1, 2),
(55, 39, 2, 1),
(56, 40, 1, 1),
(57, 40, 2, 1),
(58, 41, 1, 1),
(59, 42, 1, 1),
(60, 43, 1, 1),
(61, 44, 1, 1),
(62, 45, 1, 1),
(63, 48, 2, 1),
(64, 53, 4, 1),
(65, 55, 4, 1),
(66, 58, 2, 1),
(67, 60, 4, 1),
(68, 63, 2, 1),
(69, 63, 4, 1),
(70, 72, 4, 1),
(71, 75, 4, 1),
(72, 77, 4, 1),
(73, 81, 4, 2),
(74, 83, 2, 1),
(75, 84, 4, 1),
(76, 93, 4, 1),
(77, 95, 4, 1),
(78, 105, 4, 1),
(79, 109, 4, 1),
(80, 111, 4, 1),
(81, 116, 4, 1),
(82, 118, 4, 2),
(83, 120, 4, 3),
(84, 121, 2, 1),
(85, 135, 2, 1),
(86, 136, 1, 1);

-- --------------------------------------------------------

--
-- Table structure for table `contracts`
--

CREATE TABLE `contracts` (
  `ContractId` int(11) NOT NULL,
  `Tittle` varchar(45) DEFAULT NULL,
  `Length` varchar(45) DEFAULT NULL,
  `PaymentFrequency` int(11) NOT NULL,
  `StartingDate` date NOT NULL,
  `EndingDates` date NOT NULL,
  `EmployeeId` int(11) NOT NULL,
  `JobPercentage` decimal(10,0) NOT NULL,
  `cancelreason` text DEFAULT NULL,
  `status` int(11) NOT NULL
) ENGINE=InnoDB DEFAULT CHARSET=utf8mb4 COLLATE=utf8mb4_general_ci;

--
-- Dumping data for table `contracts`
--

INSERT INTO `contracts` (`ContractId`, `Tittle`, `Length`, `PaymentFrequency`, `StartingDate`, `EndingDates`, `EmployeeId`, `JobPercentage`, `cancelreason`, `status`) VALUES
(3, 'New contract for one year', '', 15, '2023-04-13', '2023-04-29', 8, '12', '', 1),
(4, 'NEW CONTRACT', '', 15, '2023-04-13', '2023-04-12', 1, '10', '', 1),
(5, 'New contract for testing', '1', 15, '2023-04-08', '2023-04-09', 8, '10', '', 1),
(6, 'NEW CONTRACT HERE WE GO', '21', 30, '2023-04-09', '2023-04-30', 8, '23', '', 1),
(7, 'NEW CONTRACT HERE WE GO', '21', 30, '2023-04-09', '2023-04-30', 8, '23', '', 1),
(8, 'Contract', '50', 15, '2023-04-09', '2023-05-29', 2, '20', 'no specifi reason', 0),
(9, 'New contract ', '81', 30, '2023-04-10', '2023-06-30', 1, '12', '', 1),
(10, 'New nail designer contract', '111', 15, '2023-04-10', '2023-07-30', 9, '13', '', 1),
(11, 'Title of the contract', '366', 1, '2023-07-22', '2024-07-22', 11, '12', '', 1),
(12, 'new contract', '366', 1, '2023-07-23', '2024-07-23', 12, '45', '', 1),
(13, 'new contract', '336', 15, '2023-07-24', '2024-06-24', 18, '40', '', 1),
(14, 'new contract', '5', 1, '2023-07-24', '2023-07-29', 22, '20', '', 1),
(15, 'new contract', '366', 1, '2023-07-24', '2024-07-24', 23, '35', '', 1),
(16, 'new ', '213', 1, '2023-09-07', '2024-04-07', 24, '45', '', 1),
(17, 'new', '366', 1, '2023-09-23', '2024-09-23', 26, '45', '', 1),
(18, 'new contract', '731', 1, '2023-09-25', '2025-09-25', 27, '45', '', 1),
(19, 'new contract', '371', 1, '2023-09-22', '2024-09-27', 28, '45', '', 1),
(20, 'new contract', '372', 1, '2023-09-22', '2024-09-28', 29, '35', '', 1),
(21, 'new contract', '374', 1, '2023-09-22', '2024-09-30', 30, '40', '', 1),
(22, 'new contract', '365', 1, '2023-09-27', '2024-09-26', 31, '40', '', 1),
(23, 'new contract', '371', 1, '2023-09-26', '2024-10-01', 32, '20', '', 1);

-- --------------------------------------------------------

--
-- Table structure for table `customers`
--

CREATE TABLE `customers` (
  `CustomerId` int(11) NOT NULL,
  `fullName` varchar(255) NOT NULL,
  `PhoneNumber` varchar(255) NOT NULL,
  `SalonId` int(11) NOT NULL,
  `Status` int(11) NOT NULL,
  `CreationDates` timestamp NOT NULL DEFAULT current_timestamp()
) ENGINE=InnoDB DEFAULT CHARSET=utf8mb4 COLLATE=utf8mb4_general_ci;

--
-- Dumping data for table `customers`
--

INSERT INTO `customers` (`CustomerId`, `fullName`, `PhoneNumber`, `SalonId`, `Status`, `CreationDates`) VALUES
(7, 'ISHIMWE Fabrice', '0789817969', 1, 1, '2023-06-22 20:20:28'),
(8, 'NKIKABAHIZI Emmanuel', '0726383864', 3, 1, '2023-07-23 05:01:50'),
(9, 'kenny Emmanuel', '0788402580', 3, 1, '2023-07-24 19:04:42'),
(10, 'NKIKABAHIZI Emmanuel', '0783632386', 3, 1, '2023-08-30 18:13:56'),
(11, 'Davide', '0783632386', 3, 1, '2023-09-26 10:52:55'),
(12, 'NKIKABAHIZI Emmanuel', '0783632386', 4, 1, '2023-09-28 14:23:23');

-- --------------------------------------------------------

--
-- Table structure for table `deductions`
--

CREATE TABLE `deductions` (
  `DeductionId` int(11) NOT NULL,
  `EmployeeId` int(11) NOT NULL,
  `Amount` varchar(255) NOT NULL,
  `Description` text NOT NULL,
  `Day` varchar(255) NOT NULL,
  `Mon` varchar(255) NOT NULL,
  `Year` varchar(255) NOT NULL
) ENGINE=InnoDB DEFAULT CHARSET=utf8mb4 COLLATE=utf8mb4_general_ci;

--
-- Dumping data for table `deductions`
--

INSERT INTO `deductions` (`DeductionId`, `EmployeeId`, `Amount`, `Description`, `Day`, `Mon`, `Year`) VALUES
(1, 9, '0', 'Coming late to job', '08', '04', '2023'),
(2, 2, '0', 'Deduction just', '08', '04', '2023'),
(3, 4, '2000', 'Description of the fault', '08', '04', '2023'),
(4, 11, '200', 'Agasuzuguro mukazi', '22', '07', '2023');

-- --------------------------------------------------------

--
-- Table structure for table `employees`
--

CREATE TABLE `employees` (
  `EmployeeId` int(11) NOT NULL,
  `FullName` varchar(255) NOT NULL,
  `Location` varchar(255) NOT NULL,
  `Contacts` varchar(45) NOT NULL,
  `IdNumber` varchar(255) NOT NULL,
  `Poste` varchar(255) NOT NULL,
  `Description` text NOT NULL,
  `UserId` int(11) NOT NULL,
  `SalonId` int(11) NOT NULL,
  `CreationDates` timestamp NOT NULL DEFAULT current_timestamp(),
  `Status` int(11) NOT NULL
) ENGINE=InnoDB DEFAULT CHARSET=utf8mb4 COLLATE=utf8mb4_general_ci;

--
-- Dumping data for table `employees`
--

INSERT INTO `employees` (`EmployeeId`, `FullName`, `Location`, `Contacts`, `IdNumber`, `Poste`, `Description`, `UserId`, `SalonId`, `CreationDates`, `Status`) VALUES
(1, 'IRAKOZE Boaz', 'kicucuro', '0783632386', '1199880000253686', 'Hair dresser', '                                                                                                new work                                                                                                ', 1, 1, '2023-03-31 09:51:22', 1),
(2, 'IRAKOZE Boaz', 'kicucuro', '0783632386', '1199880000253686', 'Hair dresser', '                                                                                                new work                                                                                                ', 1, 1, '2023-03-31 10:05:07', 0),
(3, 'IRAKOZE Boaz', 'kicucuro', '0783632386', '1199880000253686', 'Hair dresser', '                                                                                                new work                                                                                                ', 1, 1, '2023-03-31 10:05:48', 0),
(4, 'IRAKOZE Boaz', 'kicucuro', '0783632386', '1199880000253686', 'Hair dresser', '                                                                                                new work                                                                                                ', 1, 1, '2023-03-31 10:31:06', 0),
(5, 'IRAKOZE Boaz', 'kicucuro', '0783632386', '1199880000253686', 'Hair dresser', '                                                                                                new work                                                                                                ', 1, 1, '2023-03-31 11:38:53', 0),
(8, 'IRAKOZE Boaz', 'kicucuro', '0783632386', '1199880000253686', 'Hair dresser', '                                                                                                new work                                                                                                ', 1, 1, '2023-04-08 11:24:27', 0),
(9, 'IRAKOZE Boaz', 'kicucuro', '0783632386', '1199880000253686', 'Hair dresser', '                                                                                                new work                                                                                                ', 1, 1, '2023-04-10 14:14:27', 0),
(10, 'IRAKOZE Boaz', 'kicucuro', '0783632386', '1199880000253686', 'Hair dresser', '                                                                                                new work                                                                                                ', 1, 1, '2023-05-18 13:19:28', 1),
(11, 'IRAKOZE Boaz', 'kicucuro', '0783632386', '1199880000253686', 'Hair dresser', '                                                                                                new work                                                                                                ', 1, 1, '2023-07-22 13:22:35', 1),
(12, 'IRAKOZE Boaz', 'kicucuro', '0783632386', '1199880000253686', 'Hair dresser', '                                                                                                new work                                                                                                ', 3, 3, '2023-07-23 05:00:29', 1),
(18, 'IRAKOZE Boaz', 'kicucuro', '0783632386', '1199880000253686', 'Hair dresser', '                                                                                                new work                                                                                                ', 3, 3, '2023-07-24 12:07:00', 1),
(19, 'IRAKOZE Boaz', 'kicucuro', '0783632386', '1199880000253686', 'Hair dresser', '                                                                                                new work                                                                                                ', 1, 1, '2023-07-24 15:07:53', 1),
(20, 'IRAKOZE Boaz', 'kicucuro', '0783632386', '1199880000253686', 'Hair dresser', '                                                                                                new work                                                                                                ', 1, 1, '2023-07-24 15:13:26', 1),
(21, 'IRAKOZE Boaz', 'kicucuro', '0783632386', '1199880000253686', 'Hair dresser', '                                                                                                new work                                                                                                ', 1, 1, '2023-07-24 15:38:07', 1),
(22, 'IRAKOZE Boaz', 'kicucuro', '0783632386', '1199880000253686', 'Hair dresser', '                                                                                                new work                                                                                                ', 1, 1, '2023-07-24 15:39:33', 1),
(23, 'IRAKOZE Boazzzzz', 'kicucuroo', '0783632386', '1199880000253686', 'Hair dresser', '                                                                                                new work                                                                                                ', 3, 3, '2023-07-24 19:01:20', 1),
(24, 'IRAKOZE Boaz', 'kicucuro', '0783632386', '1199880000253686', 'Hair dresser', '                                                                                                new work                                                                                                ', 1, 1, '2023-09-07 13:56:10', 1),
(25, 'IRAKOZE Boaz', 'kicucuro', '0783632386', '1199880000253686', 'Hair dresser', '                                                                                                new work                                                                                                ', 3, 3, '2023-09-24 20:36:53', 1),
(26, 'NKIKABAHIZI Emmanuel', 'kicukiro - sonatube', '0783504022', '1223558556659568', 'Hair dresser', 'new work', 3, 3, '2023-09-25 13:19:52', 1),
(27, 'MUSHAYIDI Eugene', 'Gasabo kacyiru', '0788217083', '1197670000754520', 'Hair dresser', 'New Employee', 3, 3, '2023-09-26 10:47:10', 1),
(28, 'JOVIA', 'kicucuro', '0783632386', '1199880007858580', 'Nail dresser', 'new dresser', 3, 3, '2023-09-27 11:46:21', 1),
(29, 'kenny Emmanuel', 'kicucuro', '0788402580', '1199880007545204', 'Hair dresser', 'new employee', 17, 4, '2023-09-28 14:19:18', 1),
(30, 'IRAKOZE Jovia', 'Gasabo Remera', '0788402580', '1199980007545204', 'Nail dresser', '', 17, 4, '2023-09-28 14:21:47', 1),
(31, 'Uwineza', 'Kigali', '0788217083', '1199070070545204', 'Make up specialist', '', 3, 3, '2023-09-28 19:25:09', 1),
(32, 'JOVIAi rakoze', 'kicucuro', '0726383864', '1199870075745204', 'Make up specialist', '', 17, 4, '2023-10-01 19:23:51', 1);

-- --------------------------------------------------------

--
-- Table structure for table `expenses`
--

CREATE TABLE `expenses` (
  `ExpenseId` int(11) NOT NULL,
  `Description` varchar(255) NOT NULL,
  `Amount` varchar(255) NOT NULL,
  `Typee` varchar(255) NOT NULL,
  `Mon` varchar(255) NOT NULL,
  `Dates` varchar(255) NOT NULL,
  `SalonId` int(11) NOT NULL
) ENGINE=InnoDB DEFAULT CHARSET=utf8mb4 COLLATE=utf8mb4_general_ci;

--
-- Dumping data for table `expenses`
--

INSERT INTO `expenses` (`ExpenseId`, `Description`, `Amount`, `Typee`, `Mon`, `Dates`, `SalonId`) VALUES
(1, 'Kwishyura inzu', '100000', 'Rent', '07', '12/07/2023', 1),
(2, 'Kwishyura umumotari', '1000', 'Expense', '07', '12/07/2023', 1),
(3, 'descriptions here', '10000', 'Rent', '08', '12/07/2023', 1),
(4, '                    dqwfwfwefw                ', '5000', 'Rent', '07', '22/07/2023', 1),
(5, '          fwefwef                          ', '5000', 'Expense', '07', '22/07/2023', 1),
(6, '              dwqdwdwd                     ', '1000', 'Expense', '07', '22/07/2023', 1),
(7, '                                    ', '5000', 'Expense', '07', '22/07/2023', 1),
(8, '  rgrghr       \r\n\r\n                           ', '3000', 'Expense', '07', '22/07/2023', 1),
(9, '       vsvs                             ', '5000', 'Expense', '07', '22/07/2023', 1),
(10, '         kgykgjk                           ', '5000', 'Rent', '07', '22/07/2023', 1),
(11, 'Rent                ', '50000', 'Rent', '07', '22/07/2023', 1),
(12, '  asfswf                                  ', '5000', 'Rent', '07', '22/07/2023', 1),
(13, '       wgfswvfws                             ', '5000', 'Expense', '07', '22/07/2023', 1),
(14, '       wgfswvfws                             ', '5000', 'Expense', '07', '22/07/2023', 1),
(15, '                  dbdb                  ', '200', 'Expense', '07', '22/07/2023', 1),
(16, '  Rent July                        ', '100000', 'Rent', '07', '23/07/2023', 3),
(17, '            Rent August                        ', '100000', 'Rent', '09', '09/09/2023', 3),
(19, '                                    ', '70000', 'Expense', '09', '25/09/2023', 3);

-- --------------------------------------------------------

--
-- Table structure for table `loans`
--

CREATE TABLE `loans` (
  `LoanId` int(11) NOT NULL,
  `EmployeeId` int(11) NOT NULL,
  `Amount` varchar(255) NOT NULL,
  `PercentagePayment` varchar(255) NOT NULL,
  `Description` text NOT NULL,
  `Day` varchar(255) NOT NULL,
  `Mon` varchar(255) NOT NULL,
  `Year` varchar(255) NOT NULL
) ENGINE=InnoDB DEFAULT CHARSET=utf8mb4 COLLATE=utf8mb4_general_ci;

--
-- Dumping data for table `loans`
--

INSERT INTO `loans` (`LoanId`, `EmployeeId`, `Amount`, `PercentagePayment`, `Description`, `Day`, `Mon`, `Year`) VALUES
(1, 9, '3645', '10', 'Salary in advance', '12', '04', '2023'),
(2, 5, '200', '15', 'New loan', '08', '04', '2023'),
(3, 5, '200', '10', 'New loan for starting the job', '08', '04', '2023'),
(4, 3, '5000', '12', 'Avance sur salaire', '08', '04', '2023'),
(5, 3, '5000', '5', 'Avance sur salaire', '08', '04', '2023'),
(6, 3, '5000', '10', 'Avance sur salaire', '08', '04', '2023'),
(7, 1, '5000', '12', 'Loan for renting a house while at job', '11', '04', '2023'),
(8, 1, '2638.659584', '12', 'Loan for renting a house while at job', '11', '04', '2023'),
(9, 11, '100', '12', 'no more descriptionsw', '22', '07', '2023'),
(10, 12, '450', '20', '', '23', '07', '2023'),
(11, 12, '230.4', '20', '', '23', '07', '2023'),
(12, 23, '335.54432', '20', 'new loan', '24', '07', '2023'),
(13, 26, '1512.5', '45', '', '25', '09', '2023'),
(14, 23, '500', '30', 'new', '25', '09', '2023'),
(15, 26, '100', '12', '', '26', '09', '2023');

-- --------------------------------------------------------

--
-- Table structure for table `payments`
--

CREATE TABLE `payments` (
  `pid` int(11) NOT NULL,
  `billingid` int(11) NOT NULL,
  `userid` int(20) NOT NULL,
  `paid_dates` varchar(20) NOT NULL,
  `paid_phone` varchar(20) NOT NULL,
  `holdername` varchar(54) NOT NULL,
  `amount` varchar(20) NOT NULL,
  `transID` varchar(255) NOT NULL,
  `trans_status` int(11) NOT NULL
) ENGINE=InnoDB DEFAULT CHARSET=utf8mb4 COLLATE=utf8mb4_general_ci;

-- --------------------------------------------------------

--
-- Table structure for table `payroll`
--

CREATE TABLE `payroll` (
  `PayId` int(11) NOT NULL,
  `Description` varchar(255) NOT NULL,
  `Dates` timestamp NOT NULL DEFAULT current_timestamp() ON UPDATE current_timestamp(),
  `Amount` varchar(255) NOT NULL,
  `EmployeesNumber` int(11) NOT NULL,
  `UserId` int(11) NOT NULL,
  `Month` varchar(255) NOT NULL
) ENGINE=InnoDB DEFAULT CHARSET=utf8mb4 COLLATE=utf8mb4_general_ci;

--
-- Dumping data for table `payroll`
--

INSERT INTO `payroll` (`PayId`, `Description`, `Dates`, `Amount`, `EmployeesNumber`, `UserId`, `Month`) VALUES
(14, 'something over here', '2023-04-10 22:00:00', '1000', 0, 0, ''),
(15, 'First payouts in a while', '2023-04-10 22:00:00', '1000', 4, 1, ''),
(16, 'Secondpayouts in a while', '2023-04-10 22:00:00', '500', 2, 1, '04'),
(17, 'New salary with no deductions and loand computed', '2023-04-10 22:00:00', '500', 2, 1, '04'),
(18, 'New salary with no deductions and loand computed', '2023-04-10 22:00:00', '0', 4, 1, '04'),
(19, '', '2023-04-10 22:00:00', '120240', 2, 1, '04'),
(20, 'last month salary', '2023-04-10 22:00:00', '120240', 8, 1, '06'),
(21, 'new payroll', '2023-06-22 22:00:00', '120370', 2, 1, '06'),
(22, '', '2023-06-22 22:00:00', '120520', 9, 1, '06'),
(23, 'wwww', '2023-07-21 22:00:00', '120', 1, 1, '07'),
(24, 'dasd', '2023-07-21 22:00:00', '0', 0, 1, '07'),
(25, 'wfff', '2023-07-21 22:00:00', '0', 0, 1, '07'),
(26, '', '2023-07-21 22:00:00', '120', 1, 1, '07'),
(27, 'nfnfn', '2023-07-21 22:00:00', '120', 1, 1, '07'),
(28, 'vfsvsdvs', '2023-07-21 22:00:00', '600', 1, 1, '07'),
(29, 'EGGEGEG', '2023-07-21 22:00:00', '120', 1, 1, '07'),
(30, 'YKYKYK', '2023-07-21 22:00:00', '1200', 1, 1, '07'),
(31, 'KTYKYKY', '2023-07-21 22:00:00', '360', 1, 1, '07'),
(32, '', '2023-07-22 22:00:00', '900', 1, 3, '07'),
(33, '', '2023-07-22 22:00:00', '900', 1, 3, '07'),
(34, '', '2023-07-23 22:00:00', '900', 1, 3, '07'),
(35, '', '2023-07-23 22:00:00', '1400', 1, 3, '07'),
(36, '', '2023-07-24 22:00:00', '120', 1, 1, '07'),
(37, '', '2023-08-22 22:00:00', '1400', 1, 3, '08'),
(38, '', '2023-08-29 22:00:00', '700', 1, 3, '08'),
(39, '', '2023-09-03 22:00:00', '700', 1, 3, '09'),
(40, '', '2023-09-08 22:00:00', '2250', 1, 3, '09'),
(41, '', '2023-09-08 22:00:00', '900', 1, 3, '09'),
(42, '', '2023-09-09 22:00:00', '1575', 1, 1, '09'),
(43, '', '2023-09-16 22:00:00', '800', 1, 3, '09'),
(44, '', '2023-09-16 22:00:00', '700', 1, 3, '09'),
(45, '', '2023-09-16 22:00:00', '700', 1, 3, '09'),
(46, '', '2023-09-22 22:00:00', '1600', 2, 3, '09'),
(47, '', '2023-09-22 22:00:00', '900', 1, 3, '09'),
(48, '', '2023-09-23 22:00:00', '700', 1, 3, '09'),
(49, '', '2023-09-23 22:00:00', '700', 1, 3, '09'),
(50, '', '2023-09-24 22:00:00', '2800', 1, 3, '09'),
(51, '', '2023-09-24 22:00:00', '900', 1, 3, '09'),
(52, '', '2023-09-24 22:00:00', '700', 1, 3, '09'),
(53, '', '2023-09-24 22:00:00', '700', 1, 3, '09'),
(54, '', '2023-09-24 22:00:00', '900', 1, 3, '09'),
(55, '', '2023-09-24 22:00:00', '900', 1, 3, '09'),
(56, '', '2023-09-24 22:00:00', '900', 1, 3, '09'),
(57, '', '2023-09-25 22:00:00', '2700', 2, 3, '09'),
(58, '', '2023-09-26 22:00:00', '4500', 2, 3, '09'),
(59, '', '2023-09-26 22:00:00', '3600', 1, 3, '09'),
(60, '', '2023-09-26 22:00:00', '3600', 1, 3, '09'),
(61, '', '2023-09-26 22:00:00', '3600', 1, 3, '09'),
(62, '', '2023-09-26 22:00:00', '3600', 1, 3, '09'),
(63, '', '2023-09-26 22:00:00', '6750', 1, 3, '09'),
(64, '', '0000-00-00 00:00:00', '0', 0, 3, ''),
(65, '', '2023-09-26 22:00:00', '6300', 1, 3, '09'),
(66, '', '2023-09-26 22:00:00', '6300', 1, 3, '09'),
(67, '', '2023-09-28 22:00:00', '5600', 1, 3, '09'),
(68, '', '2023-09-28 22:00:00', '6300', 1, 3, '09'),
(69, '', '2023-09-28 22:00:00', '18400', 4, 3, '09'),
(70, '', '2023-09-28 22:00:00', '7200', 1, 3, '09'),
(71, '', '2023-09-28 22:00:00', '900', 1, 3, '09'),
(72, '', '2023-09-29 22:00:00', '900', 1, 3, '09'),
(73, '', '2023-09-29 22:00:00', '900', 1, 3, '09'),
(74, '', '2023-09-29 22:00:00', '15750', 1, 3, '09'),
(75, '', '2023-09-30 22:00:00', '4100', 2, 17, '10'),
(76, '', '2023-09-30 22:00:00', '700', 1, 17, '10'),
(77, '', '2023-09-30 22:00:00', '500', 1, 17, '10'),
(78, '', '2023-09-30 22:00:00', '875', 1, 17, '10');

-- --------------------------------------------------------

--
-- Table structure for table `products`
--

CREATE TABLE `products` (
  `ProductId` int(11) NOT NULL,
  `Name` varchar(255) NOT NULL,
  `Category` varchar(255) NOT NULL,
  `Manufacture` varchar(255) DEFAULT NULL,
  `Price` double DEFAULT NULL,
  `ExampleProfile` varchar(45) NOT NULL,
  `Quantity` varchar(45) DEFAULT NULL,
  `Description` text DEFAULT NULL,
  `SalonId` int(11) NOT NULL,
  `Status` varchar(255) NOT NULL,
  `UpdationDates` varchar(255) NOT NULL,
  `CreationDates` timestamp NOT NULL DEFAULT current_timestamp()
) ENGINE=InnoDB DEFAULT CHARSET=utf8mb4 COLLATE=utf8mb4_general_ci;

--
-- Dumping data for table `products`
--

INSERT INTO `products` (`ProductId`, `Name`, `Category`, `Manufacture`, `Price`, `ExampleProfile`, `Quantity`, `Description`, `SalonId`, `Status`, `UpdationDates`, `CreationDates`) VALUES
(1, 'Kerast', 'Make up', 'Kerasta ltd', 1200, 'kerastase_main.jpg', '35', '																																																																Best black champo from makdamia ltd																																																																							', 1, 'In Stock', '02-04-2023 11:09:21 PM', '2023-03-31 17:48:46'),
(2, 'Massage Rotion', 'Oils', 'Jiggle', 1000, 'schwarzkopf_main.jpg', '71', '												Muscle relaxing rotion for massage																				', 1, 'In Stock', '02-04-2023 11:05:01 PM', '2023-04-02 07:59:03'),
(4, 'Movit oil', 'Oils', 'movit', 8000, 'products00001-182x200.jpg', '11', '2024-04-25', 3, 'In Stock', '24-09-2023 11:27:46 PM', '2023-07-23 04:35:40'),
(5, 'Movit ltd', 'Oils', 'movit', 2000, 'R.jpeg', '29', '2027-02-28', 4, 'In Stock', '28-09-2023 04:16:01 PM', '2023-09-28 14:16:01'),
(8, 'Hair color1', 'hair dresser', 'xmp', 2500, 'hair1.jpg', '12', '2026-01-01', 3, 'In Stock', '01-10-2023 06:59:35 PM', '2023-10-01 16:59:35'),
(9, 'Hair color2', 'hair dresser', 'xmp', 3000, 'hair3.jpg', '4', '2026-01-01', 3, 'In Stock', '01-10-2023 07:00:50 PM', '2023-10-01 17:00:50'),
(10, 'eyebrows-clipper', 'nair dresser', 'xmp', 5600, 'eyebrows-clipper.jpg', '2', '2023-10-02', 3, 'In Stock', '01-10-2023 07:13:55 PM', '2023-10-01 17:13:55');

-- --------------------------------------------------------

--
-- Table structure for table `purchases`
--

CREATE TABLE `purchases` (
  `PurchaseId` int(11) NOT NULL,
  `ProductId` int(11) NOT NULL,
  `Quantity` int(255) NOT NULL,
  `UnitPrice` double NOT NULL,
  `Description` text NOT NULL,
  `SalonId` int(11) NOT NULL,
  `Mon` varchar(45) NOT NULL,
  `PurchaseDates` timestamp NOT NULL DEFAULT current_timestamp()
) ENGINE=InnoDB DEFAULT CHARSET=utf8mb4 COLLATE=utf8mb4_general_ci;

--
-- Dumping data for table `purchases`
--

INSERT INTO `purchases` (`PurchaseId`, `ProductId`, `Quantity`, `UnitPrice`, `Description`, `SalonId`, `Mon`, `PurchaseDates`) VALUES
(1, 4, 1, 300, 'description', 1, '', '2023-04-02 19:40:12'),
(2, 5, 2, 300, 'description', 1, '', '2023-04-02 19:40:12'),
(3, 3, 1, 300, 'description', 1, '', '2023-04-02 19:40:55'),
(4, 2, 2, 300, 'description', 1, '', '2023-04-02 19:40:55'),
(5, 1, 5, 300, 'description', 1, '', '2023-04-02 19:41:40'),
(6, 2, 1, 300, 'description', 1, '', '2023-04-02 19:41:40'),
(7, 1, 1, 0, 'description', 1, '', '2023-04-02 19:42:43'),
(8, 2, 1, 0, 'description', 1, '', '2023-04-02 19:42:43'),
(9, 1, 4, 1000, 'description', 1, '', '2023-04-02 19:43:40'),
(10, 2, 4, 1000, 'description', 1, '', '2023-04-02 19:43:40'),
(11, 11200, 1, 1000, 'description', 1, '', '2023-04-02 19:48:23'),
(12, 21000, 1, 1000, 'description', 1, '', '2023-04-02 19:48:23'),
(13, 1, 1, 1000, 'description', 1, '', '2023-04-02 19:49:15'),
(14, 2, 1, 1000, 'description', 1, '', '2023-04-02 19:49:15'),
(15, 1, 1, 0, 'description', 1, '', '2023-04-02 19:52:16'),
(16, 2, 1, 0, 'description', 1, '', '2023-04-02 19:52:16'),
(17, 1, 1, 0, 'description', 1, '', '2023-04-02 19:52:38'),
(18, 2, 5, 0, 'description', 1, '', '2023-04-02 19:52:38'),
(19, 1, 1, 0, 'description', 1, '', '2023-04-02 20:10:13'),
(20, 2, 1, 0, 'description', 1, '', '2023-04-02 20:10:13'),
(21, 1, 10, 0, 'No more description', 1, '', '2023-04-02 21:21:48'),
(22, 2, 1, 0, 'No more description', 1, '', '2023-04-02 21:21:48'),
(23, 2, 10, 0, 'fgh', 1, '', '2023-04-02 21:22:45'),
(24, 1, 10, 1200, 'hhhh', 1, '', '2023-04-02 21:26:03'),
(25, 2, 1, 1000, 'hhhh', 1, '', '2023-04-02 21:26:03'),
(26, 1, 10, 1200, 'mmmm', 1, '', '2023-04-02 21:28:12'),
(27, 2, 1, 1000, 'mmmm', 1, '', '2023-04-02 21:28:12'),
(28, 1, 10, 1200, 'new stock upgrade', 1, '', '2023-04-02 21:29:08'),
(29, 2, 1, 1000, 'new stock upgrade', 1, '', '2023-04-02 21:29:08'),
(30, 1, 1, 1200, 'dddd', 1, '', '2023-04-02 21:33:37'),
(31, 2, 2, 1000, 'new here', 1, '06', '2023-06-23 14:38:28'),
(32, 1, 1, 1200, 'tttttt', 1, '06', '2023-06-23 14:41:48'),
(33, 4, 1, 8000, '', 3, '07', '2023-07-23 04:39:22'),
(34, 4, 20, 8000, '', 3, '07', '2023-07-23 04:39:51'),
(35, 4, 5, 8000, '', 3, '09', '2023-09-27 14:05:56'),
(36, 4, 6, 8000, '', 3, '09', '2023-09-27 14:08:56'),
(37, 2, 30, 1000, '', 3, '09', '2023-09-27 14:55:15'),
(38, 5, 25, 2000, 'new oil in hair', 4, '09', '2023-09-28 14:17:10'),
(39, 2, 30, 1000, '', 4, '09', '2023-09-28 14:17:39'),
(40, 1, 35, 1200, '', 4, '09', '2023-09-28 14:18:05'),
(41, 8, 10, 2500, '', 3, '10', '2023-10-01 17:01:46'),
(42, 9, 2, 3000, '', 3, '10', '2023-10-01 17:02:41'),
(43, 10, 1, 5600, '', 3, '10', '2023-10-01 17:15:13'),
(44, 10, 1, 5600, '', 3, '10', '2023-10-01 17:15:56');

-- --------------------------------------------------------

--
-- Table structure for table `reports`
--

CREATE TABLE `reports` (
  `Id` int(11) NOT NULL,
  `Dates` date NOT NULL,
  `Description` varchar(255) NOT NULL,
  `BillinginfoId` int(11) NOT NULL,
  `BillingId` int(11) NOT NULL,
  `UserId` int(11) NOT NULL
) ENGINE=InnoDB DEFAULT CHARSET=utf8mb4 COLLATE=utf8mb4_general_ci;

-- --------------------------------------------------------

--
-- Table structure for table `salaries`
--

CREATE TABLE `salaries` (
  `SalaryId` int(11) NOT NULL,
  `EmployeeId` int(11) NOT NULL,
  `SalonId` int(11) NOT NULL,
  `Amount` varchar(255) NOT NULL,
  `FromDate` varchar(255) NOT NULL,
  `Mon` varchar(255) DEFAULT NULL,
  `Status` int(11) NOT NULL,
  `salarydate` timestamp NOT NULL DEFAULT current_timestamp() ON UPDATE current_timestamp()
) ENGINE=InnoDB DEFAULT CHARSET=utf8mb4 COLLATE=utf8mb4_general_ci;

--
-- Dumping data for table `salaries`
--

INSERT INTO `salaries` (`SalaryId`, `EmployeeId`, `SalonId`, `Amount`, `FromDate`, `Mon`, `Status`, `salarydate`) VALUES
(1, 2, 0, '0', '', '4', 0, '2023-09-25 19:32:41'),
(2, 3, 0, '0', '', '4', 0, '2023-09-25 19:32:41'),
(3, 5, 0, '150', '', '5', 0, '2023-09-25 19:32:41'),
(4, 5, 0, '150', '', '5', 0, '2023-09-25 19:32:41'),
(5, 2, 0, '0', '', '6', 0, '2023-09-25 19:32:41'),
(6, 8, 0, '120', '', '6', 0, '2023-09-25 19:32:41'),
(7, 8, 0, '120', '', '7', 0, '2023-09-25 19:32:41'),
(8, 8, 0, '120', '', '7', 0, '2023-09-25 19:32:41'),
(9, 8, 0, '1730', '', '3', 1, '2023-09-25 19:32:41'),
(12, 1, 0, '240', '2023-03-20', '3', 1, '2023-09-25 19:32:41'),
(13, 9, 0, '120520', '2023-03-20', '3', 1, '2023-09-25 19:32:41'),
(14, 1, 0, '120', '2023-06-22', '6', 1, '2023-09-25 19:32:41'),
(15, 11, 0, '960', '2023-07-22', '07', 1, '2023-09-25 19:32:41'),
(16, 11, 0, '120', '2023-07-22', '07', 1, '2023-09-25 19:32:41'),
(17, 11, 0, '1200', '2023-07-22', '07', 1, '2023-09-25 19:32:41'),
(18, 11, 0, '360', '2023-07-22', '07', 1, '2023-09-25 19:32:41'),
(19, 12, 0, '900', '2023-07-23', '07', 1, '2023-09-25 19:32:41'),
(20, 12, 0, '900', '2023-07-23', '07', 1, '2023-09-25 19:32:41'),
(21, 12, 0, '900', '2023-07-24', '07', 1, '2023-09-25 19:32:41'),
(22, 18, 0, '800', '2023-07-24', '07', 1, '2023-09-25 19:32:41'),
(23, 23, 0, '1400', '2023-07-24', '07', 1, '2023-09-25 19:32:41'),
(24, 11, 0, '360', '2023-07-25', '07', 1, '2023-09-25 19:32:41'),
(25, 23, 0, '2100', '2023-08-01', '08', 1, '2023-09-25 19:32:41'),
(26, 23, 0, '700', '2023-08-30', '08', 1, '2023-09-25 19:32:41'),
(27, 23, 0, '1400', '2023-09-04', '09', 1, '2023-09-25 19:32:41'),
(28, 24, 0, '1575', '2023-09-07', '09', 1, '2023-09-25 19:32:41'),
(29, 12, 0, '2250', '2023-09-09', '09', 1, '2023-09-25 19:32:41'),
(30, 12, 0, '1800', '2023-09-09', '09', 1, '2023-09-25 19:32:41'),
(31, 23, 0, '700', '2023-09-17', '09', 1, '2023-09-25 19:32:41'),
(32, 23, 0, '700', '2023-09-17', '09', 1, '2023-09-25 19:32:41'),
(33, 23, 0, '700', '2023-09-18', '09', 1, '2023-09-25 19:32:41'),
(34, 12, 0, '900', '2023-09-21', '09', 1, '2023-09-25 19:32:41'),
(35, 12, 0, '900', '2023-09-23', '09', 1, '2023-09-25 19:32:41'),
(36, 23, 0, '700', '2023-09-24', '09', 1, '2023-09-25 19:32:41'),
(37, 23, 0, '700', '2023-09-24', '09', 1, '2023-09-25 19:32:41'),
(38, 23, 0, '2800', '2023-09-24', '09', 1, '2023-09-25 19:32:41'),
(39, 26, 0, '1800', '2023-09-25', '09', 1, '2023-09-25 19:42:19'),
(40, 23, 0, '700', '2023-09-25', '09', 1, '2023-09-25 19:32:41'),
(41, 23, 0, '700', '2023-09-25', '09', 1, '2023-09-25 19:32:41'),
(42, 26, 0, '900', '2023-09-25', '09', 1, '2023-09-25 19:44:09'),
(43, 26, 0, '1800', '2023-09-25', '09', 1, '2023-09-25 19:57:57'),
(44, 26, 0, '900', '2023-09-25', '09', 1, '2023-09-25 20:06:22'),
(45, 26, 0, '900', '2023-09-25', '09', 1, '2023-09-26 11:10:30'),
(46, 27, 0, '1800', '2023-09-26', '09', 1, '2023-09-26 11:10:31'),
(47, 27, 0, '900', '2023-09-26', '09', 1, '2023-09-27 11:49:07'),
(48, 28, 0, '3600', '2023-09-27', '09', 1, '2023-09-27 11:49:07'),
(49, 28, 0, '3600', '2023-09-27', '09', 1, '2023-09-27 11:51:24'),
(50, 28, 0, '3600', '2023-09-27', '09', 1, '2023-09-27 12:04:41'),
(51, 28, 0, '3600', '2023-09-27', '09', 1, '2023-09-27 12:45:04'),
(52, 28, 0, '3600', '2023-09-27', '09', 1, '2023-09-27 12:54:21'),
(53, 28, 0, '6750', '2023-09-27', '09', 1, '2023-09-27 13:09:25'),
(54, 28, 0, '6300', '2023-09-27', '09', 1, '2023-09-27 13:27:21'),
(55, 28, 0, '6300', '2023-09-27', '09', 1, '2023-09-27 14:02:32'),
(56, 29, 0, '2100', '2023-09-28', '09', 1, '2023-10-01 17:55:42'),
(57, 30, 0, '2000', '2023-09-28', '09', 1, '2023-10-01 17:55:43'),
(58, 31, 0, '5600', '2023-09-28', '09', 1, '2023-09-29 10:56:20'),
(59, 28, 0, '6300', '2023-09-29', '09', 1, '2023-09-29 19:40:38'),
(60, 27, 0, '900', '2023-09-29', '09', 1, '2023-09-29 19:55:33'),
(61, 28, 0, '6300', '2023-09-29', '09', 1, '2023-09-29 19:55:33'),
(62, 23, 0, '5600', '2023-09-29', '09', 1, '2023-09-29 19:55:33'),
(63, 31, 0, '5600', '2023-09-29', '09', 1, '2023-09-29 19:55:34'),
(64, 27, 0, '7200', '2023-09-29', '09', 1, '2023-09-29 20:41:45'),
(65, 31, 0, '5600', '2023-09-29', '09', 1, '2023-09-29 20:56:38'),
(66, 27, 0, '900', '2023-09-29', '09', 1, '2023-09-29 21:00:42'),
(67, 27, 0, '900', '2023-09-29', '09', 1, '2023-09-29 21:05:21'),
(68, 28, 0, '900', '2023-09-29', '09', 1, '2023-09-29 21:19:51'),
(69, 28, 0, '900', '2023-09-30', '09', 1, '2023-09-29 22:20:27'),
(70, 27, 0, '900', '2023-09-30', '09', 1, '2023-09-30 20:48:43'),
(71, 27, 0, '15750', '2023-09-30', '09', 1, '2023-09-30 20:58:25'),
(72, 29, 0, '700', '2023-10-01', '10', 1, '2023-10-01 19:09:39'),
(73, 32, 4, '500', '2023-10-01', '10', 1, '2023-10-01 19:36:29'),
(74, 29, 0, '875', '2023-10-01', '10', 1, '2023-10-01 19:50:37');

-- --------------------------------------------------------

--
-- Table structure for table `salon`
--

CREATE TABLE `salon` (
  `SalonId` int(11) NOT NULL,
  `Name` varchar(255) NOT NULL,
  `Location` varchar(255) NOT NULL,
  `Description` text NOT NULL,
  `Contacts` varchar(255) NOT NULL,
  `CreationTime` timestamp NOT NULL DEFAULT current_timestamp()
) ENGINE=InnoDB DEFAULT CHARSET=utf8mb4 COLLATE=utf8mb4_general_ci;

--
-- Dumping data for table `salon`
--

INSERT INTO `salon` (`SalonId`, `Name`, `Location`, `Description`, `Contacts`, `CreationTime`) VALUES
(1, 'KEZA Salon', 'Kicukiro - Sonatube', '', '', '2023-03-31 09:22:05'),
(2, 'LA FRESHEUR SALON', 'Kigali - Kinyinya', 'New salon registered on sytem																								', '0789846452', '2023-04-11 21:53:45'),
(3, 'Keza salon Town', 'nyarugenge - city plaza', 'Main Branch												', '0788217083', '2023-07-23 04:23:25'),
(4, 'Keza salon Remera', 'Gasabo Remera', 'New branch												', '0788217083', '2023-09-28 14:02:31');

-- --------------------------------------------------------

--
-- Table structure for table `services`
--

CREATE TABLE `services` (
  `ServiceId` int(11) NOT NULL,
  `Name` varchar(45) NOT NULL,
  `Category` varchar(255) DEFAULT NULL,
  `Price` double NOT NULL,
  `Description` text DEFAULT NULL,
  `ExampleProfile` varchar(255) NOT NULL,
  `SalonId` int(11) NOT NULL,
  `Status` varchar(255) NOT NULL
) ENGINE=InnoDB DEFAULT CHARSET=utf8mb4 COLLATE=utf8mb4_general_ci;

--
-- Dumping data for table `services`
--

INSERT INTO `services` (`ServiceId`, `Name`, `Category`, `Price`, `Description`, `ExampleProfile`, `SalonId`, `Status`) VALUES
(14, 'hair cut American', 'Hair Dressing', 2000, '                                                                                                                                                new service								                                                                                                                                                ', 'imageresize.jpg', 1, 'Available'),
(17, 'hair cut American', 'Hair Dressing', 2000, '                                                                                                                                                new service								                                                                                                                                                ', 'IMG-20201204-WA0161.jpg', 1, 'Available'),
(21, 'hair cut American', 'Hair Dressing', 2000, 'good service									', 'Haircut.jpg', 4, 'Available'),
(22, 'Eyebrow shaping', 'Make up specialist', 2500, 'Good Service									', 'WhatsApp Image 2023-08-09 at 09.23.53.jpeg', 4, 'Available'),
(23, 'Pedicure', 'Nail Dressing', 5000, 'Good									', 'OIP (1).jpeg', 4, 'Available'),
(24, 'men-dreadlocks', 'Hair Dressing', 35000, 'men-dreadlocks									', 'men-dreadlocks-1.jpg', 3, 'Available'),
(25, 'round-nails-french-manicure', 'Nail Dressing', 8000, 'New service									', 'round-nails-french-manicure.jpg', 3, 'Available'),
(26, 'Pedicure-Trend', 'Nail Dressing', 7000, '									', 'Pedicure-Trend-1000.jpeg', 3, 'Available'),
(27, 'women-dreadlock', 'Hair Dressing', 30000, '									', 'women-dreadlock1.jpg', 3, 'Available'),
(28, 'hair cut ', 'Hair Dressing', 2000, '									', 'Haircut.jpg', 3, 'Available');

-- --------------------------------------------------------

--
-- Table structure for table `users`
--

CREATE TABLE `users` (
  `UserId` int(11) NOT NULL,
  `FullName` varchar(255) NOT NULL,
  `Email` varchar(255) DEFAULT NULL,
  `Contact` varchar(45) DEFAULT NULL,
  `Location` varchar(255) NOT NULL,
  `Role` varchar(45) NOT NULL,
  `UserName` varchar(255) NOT NULL,
  `Password` varchar(255) NOT NULL,
  `SalonId` int(11) NOT NULL,
  `Status` int(11) NOT NULL,
  `CreationDates` timestamp NOT NULL DEFAULT current_timestamp()
) ENGINE=InnoDB DEFAULT CHARSET=utf8mb4 COLLATE=utf8mb4_general_ci;

--
-- Dumping data for table `users`
--

INSERT INTO `users` (`UserId`, `FullName`, `Email`, `Contact`, `Location`, `Role`, `UserName`, `Password`, `SalonId`, `Status`, `CreationDates`) VALUES
(1, 'UMUKUNZI Elysee', 'elysee@gmail.com', '0789817969', 'Muhanga', 'Manager', 'elysee', '81dc9bdb52d04dc20036dbd8313ed055', 1, 1, '2023-03-31 08:23:59'),
(2, 'ISHIMWE Kabayiza Jimm', 'jimmy@gmail.com', '07898765563', 'Kicukiro - Sonatube', 'System Admin', 'jimmy', '202cb962ac59075b964b07152d234b70', 1, 1, '2023-04-11 21:38:55'),
(3, 'IRAKOZE Boaz', 'irakozeboaz6@gmail.com', '0726383864', 'Gasabo kacyiru', 'Manager', 'KezaT', '81dc9bdb52d04dc20036dbd8313ed055', 3, 1, '2023-07-23 04:24:36'),
(12, 'nki', 'hackingsantisoft@gmail.com', '0788402580', 'Gasabo kacyiru', 'Manager', 'elysee', '202cb962ac59075b964b07152d234b70', 0, 1, '2023-09-23 19:36:48'),
(13, 'nki', 'hackingsantisoft@gmail.com', '0788402580', 'Gasabo kacyiru', 'Manager', 'elysee', '202cb962ac59075b964b07152d234b70', 0, 1, '2023-09-23 19:37:05'),
(14, 'nki', 'hackingsantisoft@gmail.com', '0788402580', 'Gasabo kacyiru', 'Manager', 'elysee', '202cb962ac59075b964b07152d234b70', 0, 1, '2023-09-23 19:40:13'),
(15, 'NKIKABAHIZI Emmanuel', 'nkikabahiziemmanuel1@gmail.com', '0726383864', 'Gasabo kacyiru', 'Manager', 'Isaro', '81dc9bdb52d04dc20036dbd8313ed055', 2, 0, '2023-09-23 19:40:51'),
(16, 'NKIKABAHIZI Emmanuel', 'nkikabahiziemmanuel1@gmail.com', '0783632386', 'Gasabo kacyiru', 'Manager', 'Isaro', 'c8ffe9a587b126f152ed3d89a146b445', 2, 0, '2023-09-23 19:45:28'),
(17, 'kenny Emmanuel', 'hackingsantisoft@gmail.com', '0788402580', 'Gasabo kacyiru', 'Manager', 'KezaR', '827ccb0eea8a706c4c34a16891f84e7b', 4, 1, '2023-09-28 14:03:40');

--
-- Indexes for dumped tables
--

--
-- Indexes for table `admin`
--
ALTER TABLE `admin`
  ADD PRIMARY KEY (`AdminId`);

--
-- Indexes for table `billing`
--
ALTER TABLE `billing`
  ADD PRIMARY KEY (`BillingId`),
  ADD KEY `SalonId` (`SalonId`);

--
-- Indexes for table `billinginfo`
--
ALTER TABLE `billinginfo`
  ADD PRIMARY KEY (`BillinginfoId`),
  ADD KEY `ProductId` (`ProductId`),
  ADD KEY `BillingId` (`BillingId`);

--
-- Indexes for table `contracts`
--
ALTER TABLE `contracts`
  ADD PRIMARY KEY (`ContractId`),
  ADD KEY `EmployeeId` (`EmployeeId`);

--
-- Indexes for table `customers`
--
ALTER TABLE `customers`
  ADD PRIMARY KEY (`CustomerId`),
  ADD KEY `SalonId` (`SalonId`);

--
-- Indexes for table `deductions`
--
ALTER TABLE `deductions`
  ADD PRIMARY KEY (`DeductionId`),
  ADD KEY `EmployeeId` (`EmployeeId`);

--
-- Indexes for table `employees`
--
ALTER TABLE `employees`
  ADD PRIMARY KEY (`EmployeeId`),
  ADD KEY `UserId` (`UserId`),
  ADD KEY `SalonId` (`SalonId`);

--
-- Indexes for table `expenses`
--
ALTER TABLE `expenses`
  ADD PRIMARY KEY (`ExpenseId`),
  ADD KEY `SalonId` (`SalonId`);

--
-- Indexes for table `loans`
--
ALTER TABLE `loans`
  ADD PRIMARY KEY (`LoanId`),
  ADD KEY `EmployeeId` (`EmployeeId`);

--
-- Indexes for table `payments`
--
ALTER TABLE `payments`
  ADD PRIMARY KEY (`pid`);

--
-- Indexes for table `payroll`
--
ALTER TABLE `payroll`
  ADD PRIMARY KEY (`PayId`);

--
-- Indexes for table `products`
--
ALTER TABLE `products`
  ADD PRIMARY KEY (`ProductId`),
  ADD KEY `SalonId` (`SalonId`);

--
-- Indexes for table `purchases`
--
ALTER TABLE `purchases`
  ADD PRIMARY KEY (`PurchaseId`),
  ADD KEY `SalonId` (`SalonId`);

--
-- Indexes for table `reports`
--
ALTER TABLE `reports`
  ADD PRIMARY KEY (`Id`),
  ADD KEY `UserId` (`UserId`),
  ADD KEY `BillingId` (`BillingId`);

--
-- Indexes for table `salaries`
--
ALTER TABLE `salaries`
  ADD PRIMARY KEY (`SalaryId`),
  ADD KEY `EmployeeId` (`EmployeeId`);

--
-- Indexes for table `salon`
--
ALTER TABLE `salon`
  ADD PRIMARY KEY (`SalonId`);

--
-- Indexes for table `services`
--
ALTER TABLE `services`
  ADD PRIMARY KEY (`ServiceId`),
  ADD KEY `SalonId` (`SalonId`);

--
-- Indexes for table `users`
--
ALTER TABLE `users`
  ADD PRIMARY KEY (`UserId`);

--
-- AUTO_INCREMENT for dumped tables
--

--
-- AUTO_INCREMENT for table `admin`
--
ALTER TABLE `admin`
  MODIFY `AdminId` int(11) NOT NULL AUTO_INCREMENT, AUTO_INCREMENT=2;

--
-- AUTO_INCREMENT for table `billing`
--
ALTER TABLE `billing`
  MODIFY `BillingId` int(11) NOT NULL AUTO_INCREMENT, AUTO_INCREMENT=140;

--
-- AUTO_INCREMENT for table `billinginfo`
--
ALTER TABLE `billinginfo`
  MODIFY `BillinginfoId` int(11) NOT NULL AUTO_INCREMENT, AUTO_INCREMENT=87;

--
-- AUTO_INCREMENT for table `contracts`
--
ALTER TABLE `contracts`
  MODIFY `ContractId` int(11) NOT NULL AUTO_INCREMENT, AUTO_INCREMENT=24;

--
-- AUTO_INCREMENT for table `customers`
--
ALTER TABLE `customers`
  MODIFY `CustomerId` int(11) NOT NULL AUTO_INCREMENT, AUTO_INCREMENT=13;

--
-- AUTO_INCREMENT for table `deductions`
--
ALTER TABLE `deductions`
  MODIFY `DeductionId` int(11) NOT NULL AUTO_INCREMENT, AUTO_INCREMENT=5;

--
-- AUTO_INCREMENT for table `employees`
--
ALTER TABLE `employees`
  MODIFY `EmployeeId` int(11) NOT NULL AUTO_INCREMENT, AUTO_INCREMENT=33;

--
-- AUTO_INCREMENT for table `expenses`
--
ALTER TABLE `expenses`
  MODIFY `ExpenseId` int(11) NOT NULL AUTO_INCREMENT, AUTO_INCREMENT=20;

--
-- AUTO_INCREMENT for table `loans`
--
ALTER TABLE `loans`
  MODIFY `LoanId` int(11) NOT NULL AUTO_INCREMENT, AUTO_INCREMENT=16;

--
-- AUTO_INCREMENT for table `payments`
--
ALTER TABLE `payments`
  MODIFY `pid` int(11) NOT NULL AUTO_INCREMENT;

--
-- AUTO_INCREMENT for table `payroll`
--
ALTER TABLE `payroll`
  MODIFY `PayId` int(11) NOT NULL AUTO_INCREMENT, AUTO_INCREMENT=79;

--
-- AUTO_INCREMENT for table `products`
--
ALTER TABLE `products`
  MODIFY `ProductId` int(11) NOT NULL AUTO_INCREMENT, AUTO_INCREMENT=12;

--
-- AUTO_INCREMENT for table `purchases`
--
ALTER TABLE `purchases`
  MODIFY `PurchaseId` int(11) NOT NULL AUTO_INCREMENT, AUTO_INCREMENT=45;

--
-- AUTO_INCREMENT for table `reports`
--
ALTER TABLE `reports`
  MODIFY `Id` int(11) NOT NULL AUTO_INCREMENT;

--
-- AUTO_INCREMENT for table `salaries`
--
ALTER TABLE `salaries`
  MODIFY `SalaryId` int(11) NOT NULL AUTO_INCREMENT, AUTO_INCREMENT=75;

--
-- AUTO_INCREMENT for table `salon`
--
ALTER TABLE `salon`
  MODIFY `SalonId` int(11) NOT NULL AUTO_INCREMENT, AUTO_INCREMENT=5;

--
-- AUTO_INCREMENT for table `services`
--
ALTER TABLE `services`
  MODIFY `ServiceId` int(11) NOT NULL AUTO_INCREMENT, AUTO_INCREMENT=29;

--
-- AUTO_INCREMENT for table `users`
--
ALTER TABLE `users`
  MODIFY `UserId` int(11) NOT NULL AUTO_INCREMENT, AUTO_INCREMENT=18;

--
-- Constraints for dumped tables
--

--
-- Constraints for table `billinginfo`
--
ALTER TABLE `billinginfo`
  ADD CONSTRAINT `billinginfo_ibfk_3` FOREIGN KEY (`ProductId`) REFERENCES `products` (`ProductId`),
  ADD CONSTRAINT `billinginfo_ibfk_4` FOREIGN KEY (`BillingId`) REFERENCES `billing` (`BillingId`);

--
-- Constraints for table `contracts`
--
ALTER TABLE `contracts`
  ADD CONSTRAINT `contracts_ibfk_1` FOREIGN KEY (`EmployeeId`) REFERENCES `employees` (`EmployeeId`);

--
-- Constraints for table `customers`
--
ALTER TABLE `customers`
  ADD CONSTRAINT `customers_ibfk_1` FOREIGN KEY (`SalonId`) REFERENCES `salon` (`SalonId`);

--
-- Constraints for table `deductions`
--
ALTER TABLE `deductions`
  ADD CONSTRAINT `deductions_ibfk_1` FOREIGN KEY (`EmployeeId`) REFERENCES `employees` (`EmployeeId`);

--
-- Constraints for table `employees`
--
ALTER TABLE `employees`
  ADD CONSTRAINT `employees_ibfk_1` FOREIGN KEY (`UserId`) REFERENCES `users` (`UserId`),
  ADD CONSTRAINT `employees_ibfk_2` FOREIGN KEY (`SalonId`) REFERENCES `salon` (`SalonId`);

--
-- Constraints for table `expenses`
--
ALTER TABLE `expenses`
  ADD CONSTRAINT `expenses_ibfk_1` FOREIGN KEY (`SalonId`) REFERENCES `salon` (`SalonId`);

--
-- Constraints for table `loans`
--
ALTER TABLE `loans`
  ADD CONSTRAINT `loans_ibfk_1` FOREIGN KEY (`EmployeeId`) REFERENCES `employees` (`EmployeeId`);

--
-- Constraints for table `products`
--
ALTER TABLE `products`
  ADD CONSTRAINT `products_ibfk_1` FOREIGN KEY (`SalonId`) REFERENCES `salon` (`SalonId`);

--
-- Constraints for table `purchases`
--
ALTER TABLE `purchases`
  ADD CONSTRAINT `purchases_ibfk_1` FOREIGN KEY (`SalonId`) REFERENCES `salon` (`SalonId`);

--
-- Constraints for table `reports`
--
ALTER TABLE `reports`
  ADD CONSTRAINT `reports_ibfk_1` FOREIGN KEY (`UserId`) REFERENCES `users` (`UserId`),
  ADD CONSTRAINT `reports_ibfk_2` FOREIGN KEY (`BillingId`) REFERENCES `billing` (`BillingId`);

--
-- Constraints for table `services`
--
ALTER TABLE `services`
  ADD CONSTRAINT `services_ibfk_1` FOREIGN KEY (`SalonId`) REFERENCES `salon` (`SalonId`);
COMMIT;

/*!40101 SET CHARACTER_SET_CLIENT=@OLD_CHARACTER_SET_CLIENT */;
/*!40101 SET CHARACTER_SET_RESULTS=@OLD_CHARACTER_SET_RESULTS */;
/*!40101 SET COLLATION_CONNECTION=@OLD_COLLATION_CONNECTION */;
